Ètvr»	N
pro	R
diplomaty	N

Výstavbu	N
diplomatické	A
ètvrti	N
v	R
hlavním	A
mìstì	N
se	R
zhruba	D
400	C
rodinnými	A
domy	N
pro	R
ubytování	N
pracovníkù	N
zastupitelských	A
úøadù	N
,	Z
a	J
zejména	D
zamìstnancù	N
rádia	N
Svobodná	A
Evropa	N
pøipravuje	V
pra¾ská	A
radnice	N
.	Z

Podle	R
slov	N
pra¾ského	A
primátora	N
Jana	N
Koukala	N
by	V
tato	P
ètvr»	N
mìla	V
vzniknout	V
bìhem	R
roku	N
a	J
pùl	C
.	Z

Radnice	N
hledá	V
vhodné	A
místo	N
s	R
ohledem	N
na	R
bezpeènost	N
.	Z

Podle	R
pøedbì¾ných	A
ujednání	N
by	V
hlavní	A
mìsto	N
poskytlo	V
na	R
vybudování	N
ètvrti	N
svùj	P
pozemek	N
a	J
èeská	A
vláda	N
by	V
zajistila	V
pùjèku	N
na	R
financování	N
stavebních	A
prací	N
.	Z

Americká	A
strana	N
má	V
po	R
dokonèení	N
projektu	N
splatit	V
výstavbu	N
týkající	A
se	P
Svobodné	A
Evropy	N
.	Z

Mladí	A
lidé	N
nechodí	V
do	R
divadel	N
èasto	D

Praha	N
-	Z

Náv¹tìvy	N
kin	N
a	J
divadel	N
patøí	V
mezi	R
ménì	D
èasté	A
aktivity	N
mladých	A
lidí	N
v	R
Èeské	A
republice	N
.	Z

Vyplynulo	V
to	P
z	R
únorového	A
a	J
kvìtnového	A
výzkumu	N
Institutu	N
dìtí	N
a	J
mláde¾e	N
ministerstva	N
¹kolství	N
,	Z
mláde¾e	N
a	J
tìlovýchovy	N
,	Z
který	P
pracoval	V
s	R
758	C
respondenty	N
ve	R
vìku	N
15	C
a¾	J
29	C
let	N
.	Z

Do	R
divadla	N
vùbec	D
nechodí	V
46	C
procent	N
mladých	A
lidí	N
,	Z
do	R
kina	N
12	C
procent	N
.	Z

Oproti	R
tomu	P
alespoò	D
jednou	C
týdnì	D
nav¹tíví	V
divadlo	N
1	C
procento	N
populace	N
v	R
tomto	P
vìku	N
,	Z
do	R
kina	N
se	P
takto	D
èasto	D
vypraví	V
17	C
mladých	A
ze	R
sta	N
.	Z

tipy	N
Dnes	D

Ruby	N
-	Z

Americké	A
filmové	A
drama	N
re¾iséra	N
Johna	N
Mackenzieho	N
,	Z
po	R
Stoneovì	A
paradokumentární	A
rekonstrukci	N
jménem	N
JFK	N
dal¹í	A
fikci	N
o	R
mo¾ném	A
pozadí	N
atentátu	N
na	R
J	N
.	Z
F	N
.	Z
Kennedyho	N
,	Z
uvádí	V
od	R
vèerej¹ka	N
pra¾ské	A
kino	N
Kotva	N
.	Z

Klaus	N
Maria	N
Brandauer	N
-	Z

Populární	A
rakouský	A
herec	N
,	Z
u	R
nás	P
známý	A
zejména	D
z	R
filmù	N
Mefisto	N
,	Z
Plukovník	N
Redl	N
a	J
Vzpomínky	N
na	R
Afriku	N
,	Z
vystoupí	V
v	R
nedìli	N
od	R
11.00	C
hod	N
v	R
pra¾ském	A
Studiu	N
Labyrint	N
se	R
ètením	N
z	R
díla	N
Friedricha	N
Torberga	N
.	Z

Deset	C
minut	N
s	R
.	Z
.	Z
.	Z
-	Z

Èína	N
pøesedlává	V
z	R
kol	N
na	R
auta	N

Peking	N
-	Z

Èína	N
sází	V
na	R
výrobu	N
automobilù	N
:	Z
v	R
této	P
klasické	A
zemi	N
jízdních	A
kol	N
byla	V
podle	R
posledního	A
vydání	N
listu	N
Business	N
Weekly	D
vedoucí	A
domácí	A
automobilce	N
poskytnuta	V
vládní	A
dotace	N
250	C
milionù	N
USD	N
,	Z
zatímco	J
výrobci	N
jízdních	A
kol	N
hlásí	V
za	R
první	C
pololetí	N
podstatný	A
pokles	N
odbytu	N
,	Z
uvedla	V
agentura	N
DPA	N
.	Z

Zmínìná	A
ètvrtmiliardová	A
dotace	N
byla	V
poskytnuta	V
automobilce	N
Tianjin	A
Automotive	A
Industry	N
Corp	N
.	Z
na	R
zvý¹ení	N
výroby	N
ze	R
souèasných	A
60	C
tisíc	C
na	R
150	C
tisíc	C
vozù	N
roènì	D
.	Z

Spoleènost	N
vyrábí	V
model	N
Charade	N
japonské	A
automobilky	N
Daihatsu	N
,	Z
který	P
je	V
v	R
Èínì	N
pou¾íván	V
mimo	R
jiné	A
jako	J
taxi	N
.	Z

Uzavøená	A
kapitola	N

Od	R
1	C
.	Z
bøezna	N
tohoto	P
roku	N
na	R
pra¾skou	A
burzu	N
pøibude	V
677	C
emisí	N
akcií	N
z	R
druhé	A
vlny	N
kupónové	A
privatizace	N
.	Z

Spolu	D
s	R
nimi	P
potom	D
184	C
emisí	N
,	Z
se	R
kterými	P
u¾	D
burza	N
obchodovala	V
,	Z
ale	J
jejich¾	P
èást	N
a¾	T
dosud	D
z	R
nejrùznìj¹ích	A
dùvodù	N
byla	V
ve	R
vlastnictví	N
Fondu	N
národního	A
majetku	N
.	Z

Celkový	A
poèet	N
obchodovaných	A
titulù	N
tak	D
na	R
burze	N
dosáhne	V
úctyhodného	A
èísla	N
1738	C
.	Z

Investorská	A
veøejnost	N
nyní	D
netrpìlivì	D
oèekává	V
,	Z
jaké	P
výchozí	A
ceny	N
burza	N
stanoví	V
.	Z

Hádankou	N
samozøejmì	D
nejsou	V
kursy	N
akcií	N
známých	A
z	R
první	C
vlny	N
,	Z
se	R
kterými	P
se	P
u¾	D
na	R
burze	N
obchoduje	V
.	Z

Dva	C
rekordy	N
najednou	D

Perkins	N
plaval	V
1500	C
m	N
prùmìrem	N
58.77	C
na	R
100	C
m	N

Victoria	N
-	Z

Dva	C
svìtové	A
rekordy	N
v	R
jediném	A
závodu	N
pøi	R
Hrách	N
Britského	A
spoleèenství	N
národù	N
vytvoøil	V
Australan	N
Kieren	N
Perkins	N
.	Z

Olympijský	A
vítìz	N
v	R
plaveckém	A
maratónu	N
zdolal	V
1500	C
m	N
volným	A
zpùsobem	N
v	R
èase	N
14	C
:	Z
41.66	C
,	Z
èím¾	P
pøekonal	V
o	R
1.82	C
svùj	P
nejlep¹í	A
výkon	N
z	R
Barcelony	N
1992	C
.	Z

Souèasnì	D
mu	P
namìøili	V
rozhodèí	N
mezièas	N
na	R
800	C
m	N
7	C
:	Z
46.00	C
,	Z
co¾	P
je	V
lep¹í	A
o	R
0.6	C
s	N
ne¾	J
jeho	P
vlastní	A
rekord	N
z	R
února	N
1992	C
.	Z

Perkins	N
dosáhl	V
prùmìru	N
58.77	C
na	R
sto	N
metrù	N
.	Z

Program	N
odpovìdnosti	N
v	R
chemii	N

Praha	N
-	Z

Zásady	N
mezinárodního	A
programu	N
Odpovìdné	A
podnikání	N
v	R
chemii	N
-	Z
Responsible	A
Care	N
(	Z
RC	N
)	Z
rozeslal	V
Svaz	N
chemického	A
prùmyslu	N
jednotlivým	A
spoleènostem	N
,	Z
které	P
se	P
k	R
RC	N
pøihlásily	V
,	Z
v	R
prosinci	N
minulého	A
roku	N
.	Z

Bìhem	R
leto¹ního	A
bøezna	N
a¾	J
dubna	N
by	V
mìl	V
být	V
zpracován	V
jako	J
svazový	A
program	N
.	Z

Jak	D
sdìlil	V
spolupracovník	N
svazu	N
pro	R
otázky	N
ochrany	N
prostøedí	N
Ivan	N
Zíka	N
,	Z
dobrovolný	A
program	N
RC	N
vyhlásila	V
mezinárodní	A
organizace	N
svazù	N
chemie	N
CEFIC	N
v	R
roce	N
1986	C
na	R
základì	N
zku¹eností	N
získaných	A
od	R
roku	N
1984	C
v	R
Kanadì	N
.	Z

Program	N
navazuje	V
na	R
standardizaci	N
ISO	N
9000	C
.	Z

Sociální	A
demokrati	N
vypracovali	V
základní	A
verzi	N
svého	P
volebního	A
programu	N

Praha	N
-	Z

Ochrana	N
¾ivotního	A
prostøedí	N
,	Z
hospodáøský	A
rozvoj	N
a	J
rozvoj	N
sociální	A
sféry	N
budou	V
hlavními	A
pilíøi	N
politiky	N
èeské	A
sociální	A
demokracie	N
.	Z

Uvádí	V
se	P
to	P
v	R
návrhu	N
volebního	A
programu	N
s	R
názvem	N
"	Z
Spoleènost	N
vzdìlání	N
,	Z
spoluúèasti	N
a	J
solidarity	N
,	Z
"	Z
který	P
má	V
schvalovat	V
dubnový	A
sjezd	N
ÈSSD	N
.	Z

Politika	N
v	R
sociální	A
oblasti	N
musí	V
podle	R
návrhu	N
ÈSSD	N
napomáhat	V
k	R
získání	N
spravedlivé	A
odmìny	N
za	R
práci	N
.	Z

"	Z
Ka¾dý	A
musí	V
mít	V
právo	N
získávat	V
ob¾ivu	N
ve	R
svobodnì	D
zvoleném	A
zamìstnání	N
,	Z
"	Z
uvádí	V
se	P
v	R
dokumentu	N
.	Z

Výkon	N
sociální	A
politiky	N
by	V
mìl	V
být	V
zakotven	V
ve	R
sféøe	N
státu	N
.	Z

Hovory	N
v	R
Lánech	N

Výbìr	N
z	R
pravidelného	A
rozhovoru	N
s	R
prezidentem	N
Václavem	N
Havlem	N
,	Z
vysílaného	A
Èeským	A
rozhlasem	N
Pøed	R
námi	P
bude	V
zajímavý	A
rok	N
.	Z

Mám	V
se	P
v	R
prosinci	N
v	R
Budape¹ti	N
úèastnit	V
summitu	N
Konference	N
o	R
bezpeènosti	N
a	J
spolupráci	N
v	R
Evropì	N
.	Z

Tato	P
instituce	N
vznikla	V
je¹tì	D
v	R
dobì	N
bipolárního	A
rozdìlení	N
svìta	N
a	J
teï	D
hledá	V
svoji	P
identitu	N
,	Z
hledá	V
svùj	P
smysl	N
,	Z
vizi	N
svého	P
budoucího	A
poslání	N
.	Z

Pak	D
se	P
mám	V
úèastnit	V
v	R
lednu	N
summitu	N
èlenských	A
zemí	N
Rady	N
bezpeènosti	N
,	Z
bude	V
50	C
.	Z
výroèí	N
zalo¾ení	N
OSN	N
.	Z

S	R
cílem	N
prorazit	V
maltský	A
beton	N

Opava	N
(	Z
¹v	N
,	Z
sn	N
)	Z
-	Z

S	R
jednoznaèným	A
cílem	N
vyhrát	V
v	R
Opavì	N
nad	R
Maltou	N
vstupuje	V
dnes	D
do	R
kvalifikace	N
ME	N
fotbalový	A
tým	N
ÈR	N
do	R
21	C
let	N
.	Z

Vítìz	N
skupiny	N
postoupí	V
do	R
bojù	N
o	R
evropský	A
a	J
má	V
velmi	D
pravdìpodobnou	A
úèast	N
na	R
OH	N
1996	C
v	R
Atlantì	N
.	Z

Mal»any	N
jsem	V
osobnì	D
hrát	V
nevidìl	V
,	Z
ale	J
podle	R
mých	P
informací	N
mají	V
v¹e	P
postavené	A
na	R
obranì	N
,	Z
zabetonují	V
se	P
pøed	R
¹estnáctkou	N
a	J
natahují	V
èas	N
.	Z

Musíme	V
být	V
hlavnì	D
trpìliví	A
,	Z
øíká	V
trenér	N
èeského	A
výbìru	N
Ivan	N
Kopecký	N
.	Z

Dvakrát	C
o	R
mistra	N
svìta	N

Praha	N
-	Z

V	R
záøí	N
zaènou	V
soubì¾nì	D
dva	C
¹achové	A
zápasy	N
,	Z
jejich¾	P
vítìzové	N
si	P
budou	V
pøisuzovat	V
korunu	N
¹achového	A
krále	N
.	Z

V	R
Londýnì	N
nastoupí	V
Garri	N
Kasparov	N
proti	R
Nigelu	N
Shortovi	N
,	Z
v	R
dosud	D
neurèeném	A
nizozemském	A
mìstì	N
se	P
støetnou	V
Anatolij	N
Karpov	N
a	J
Jan	N
Timman	N
.	Z

Mistr	N
svìta	N
Kasparov	N
,	Z
jak	J
známo	A
,	Z
nepøistoupil	V
na	R
finanèní	A
podmínky	N
Mezinárodní	A
¹achové	A
federace	N
(	Z
FIDE	N
)	Z
.	Z

K	R
nìmu	P
se	P
pøipojil	V
i	J
anglický	A
vyzývatel	N
Nigel	N
Short	N
a	J
FIDE	N
po	R
marném	A
jednání	N
oba	C
diskvalifikovala	V
.	Z

Právo	N
hrát	V
o	R
titul	N
tak	D
pøe¹lo	V
na	R
dal¹í	A
dva	C
z	R
turnaje	N
kandidátù	N
-	Z
exmistra	N
svìta	N
Karpova	N
a	J
Nizozemce	N
Timmana	N
.	Z

Triatlonistky	N
stávkovaly	V

Zlín	N
-	Z

Vítìz	N
11	C
.	Z
závodu	N
Èeského	A
poháru	N
v	R
triatlonu	N
Tomá¹	N
Koèaø	N
z	R
Kepák	N
JOKO	N
týmu	N
Brno	N
získal	V
vzhledem	R
k	R
tomu	P
,	Z
¾e	J
Grand	A
Prix	N
Joko	N
mìla	V
nejvy¹¹í	A
koeficient	N
1.5	C
,	Z
plných	A
50	C
tisíc	C
korun	N
.	Z

Druhý	C
skonèil	V
Seidl	N
,	Z
tøetí	C
Slovák	N
Baran	N
.	Z

Start	N
závodu	N
na	R
luhaèovické	A
pøehradì	N
poznamenala	V
stávka	N
¾en	N
,	Z
které	P
odmítly	V
nastoupit	V
k	R
závodu	N
kvùli	R
organizaèním	A
zmatkùm	N
(	Z
chybìla	V
sanitka	N
a	J
motocykly	N
pro	R
rozhodèí	N
,	Z
a	J
tak	J
se	P
start	N
o	R
hodinu	N
posunul	V
)	Z
.	Z

Po	R
plavání	N
vedl	V
Koèaø	N
o	R
pùl	N
minuty	N
pøed	R
Kròávkem	N
.	Z

Mitterrand	N
o	R
svém	P
postoji	N
k	R
Pétainovi	N

Paøí¾	N
-	Z

Nìkdej¹í	A
oddanost	N
souèasného	A
francouzského	A
prezidenta	N
Françoise	N
Mitterranda	N
kolaborantské	A
vládì	N
mar¹ála	N
Pétaina	N
,	Z
který	P
byl	V
po	R
druhé	C
svìtové	A
válce	N
odsouzen	V
k	R
trestu	N
smrti	N
,	Z
je	V
hlavní	A
náplní	N
nové	A
knihy	N
Francouzské	A
mládí	N
,	Z
je¾	P
se	P
právì	D
objevila	V
na	R
pultech	N
paøí¾ských	A
obchodù	N
.	Z

Jejím	P
autorem	N
je	V
novináø	N
z	R
okruhu	N
prezidentových	A
známých	N
Pierre	N
Péan	N
.	Z

Dlouho	D
tajené	A
dokumenty	N
a	J
svìdectví	N
odhalují	V
na	R
616	C
stranách	N
pravicové	A
a	J
nacionalistické	A
postoje	N
mladého	A
Mitterranda	N
pøed	R
válkou	N
,	Z
které	P
vyústily	V
v	R
jeho	P
dobrovolné	A
a	J
aktivní	A
zapojení	N
do	R
antisemitské	A
a	J
rasistické	A
politiky	N
francouzské	A
kolaborantské	A
vlády	N
se	R
sídlem	N
ve	R
Vichy	N
.	Z

Zahranièní	A
firmy	N
a	J
my	P

Americká	A
spoleènost	N
Westinghouse	N
vznikla	V
asi	T
pøed	R
100	C
lety	N
,	Z
kdy	D
se	P
zaèala	V
zabývat	V
produkcí	N
zaøízení	N
na	R
výrobu	N
stejnosmìrného	A
proudu	N
.	Z

V	R
souèasnosti	N
zamìstnává	V
kolem	R
100000	C
lidí	N
a	J
dosahuje	V
roèního	A
obratu	N
8	C
a¾	J
9	C
miliard	N
dolarù	N
.	Z

Pøímo	D
pùsobí	V
v	R
37	C
zemích	N
a	J
obchoduje	V
s	R
více	D
ne¾	J
100	C
státy	N
.	Z

Sídlo	N
má	V
v	R
Pittsburghu	N
ve	R
státì	N
Pensylvánie	N
.	Z

Spoleènost	N
nyní	D
vyrábí	V
zaøízení	N
pro	R
energetiku	N
,	Z
elektronické	A
systémy	N
a	J
zaøízení	N
pro	R
ochranu	N
¾ivotního	A
prostøedí	N
.	Z

Výrobní	A
program	N
doplòují	V
mobilní	A
chladící	A
zaøízení	N
a	J
vysílací	A
televizní	A
technika	N
.	Z

Zemì	N
støední	A
a	J
východní	A
Evropy	N
do	R
ES	N
ve	R
vzdálenìj¹í	A
budoucnosti	N

Londýn	N
-	Z

Britské	A
zájmy	N
musí	V
zùstat	V
prvotní	A
i	J
pøi	R
èlenství	N
zemì	N
v	R
Evropském	A
spoleèenství	N
,	Z
ale	J
její	P
rozhodování	N
musí	V
být	V
souèástí	N
¹ir¹ího	A
evropského	A
vývoje	N
,	Z
prohlásil	V
vèera	D
na	R
mimoøádném	A
zasedání	N
Dolní	A
snìmovny	N
britského	A
parlamentu	N
premiér	N
John	N
Major	N
.	Z

Uvedl	V
,	Z
¾e	J
mimoøádný	A
summit	N
nejvy¹¹ích	A
pøedstavitelù	N
ES	N
se	P
uskuteèní	V
16	C
.	Z
øíjna	N
v	R
anglickém	A
Birminghamu	N
.	Z

Vyslovil	V
se	P
pro	R
roz¹íøení	N
evropské	A
dvanáctky	N
o	R
skandinávské	A
zemì	N
a	J
Rakousko	N
a	J
ve	R
vzdálenìj¹í	A
budoucnosti	N
o	R
zemì	N
støední	A
a	J
východní	A
Evropy	N
.	Z

Jedno	C
srdce	N
ptaèí	A
,	Z
ètyøi	C
kapky	N
¾luèi	N

(	Z
NLN	N
28	C
.	Z
1	C
.	Z
1995	C
)	Z

Uveøejòování	N
takových	P
èlánkù	N
je	V
nesmírnì	D
dùle¾ité	A
.	Z

Po	R
revoluci	N
se	P
s	R
rùznými	A
pavìdami	N
a	J
¹arlatánstvím	N
roztrhl	V
pytel	N
,	Z
co¾	P
chápu	V
,	Z
proto¾e	J
jednak	J
byly	V
za	R
komunismu	N
zakázané	A
,	Z
a	J
tak	D
logicky	D
pøitahovaly	V
,	Z
a	J
za	R
druhé	A
nabízejí	V
rychlá	A
a	J
snadná	A
øe¹ení	N
a	J
vysvìtlení	N
,	Z
co¾	P
se	P
hroznì	D
líbí	V
tìm	P
,	Z
kteøí	P
neradi	A
myslí	V
.	Z

Co	P
ale	J
nechápu	V
,	Z
proè	D
ve	R
stejné	A
dobì	N
vìdy	N
a	J
osvìta	N
vyklidily	V
pole	N
,	Z
pøesnìji	D
vyklidily	V
stránky	N
novin	N
a	J
èasopisù	N
a	J
stáhly	V
se	P
do	R
ústraní	N
.	Z

Mana¾er	N
Baníku	N
se	P
vzdal	V
funkce	N

Ostrava	N
-	Z

Mana¾er	N
fotbalového	A
klubu	N
Baník	N
Ostrava	N
Jan	N
Pavliska	N
se	P
vzdal	V
svého	P
èlenství	N
v	R
ligové	A
komisi	N
ÈMFS	N
.	Z

"	Z
Nepova¾uji	V
za	R
fair	A
play	N
,	Z
kdy¾	J
jsme	V
z	R
objektivních	A
dùvodù	N
po¾ádali	V
o	R
pøelo¾ení	N
ligového	A
utkání	N
s	R
Drnovicemi	N
a	J
pøedseda	N
ligové	A
komise	N
pan	N
Novák	N
na¹i	P
¾ádost	N
vùbec	D
nepøedlo¾il	V
k	R
projednání	N
,	Z
"	Z
uvedl	V
Pavliska	N
na	R
vysvìtlenou	N
ke	R
své	P
demisi	N
.	Z

Pozornost	N
,	Z
dar	N
,	Z
etika	N

Je	V
to	P
zvlá¹tní	A
a	J
tì¾ké	A
rozhodování	N
pøi	R
obchodních	A
jednáních	N
:	Z

Co	P
je	V
pozornost	N
a	J
co	P
je	V
dar	N
?	Z

Jaká	P
je	V
mezi	R
nimi	P
hranice	N
?	Z

Pøitom	D
v¹ichni	P
víme	V
,	Z
¾e	J
vhodná	A
pozornost	N
doká¾e	V
vytvoøit	V
prostøedí	N
dùvìry	N
a	J
sympatie	N
,	Z
tak¾e	J
urèité	A
ledy	N
a	J
bariéry	N
rezervovanosti	N
se	P
rychleji	D
rozplynou	V
.	Z

V	R
dal¹ích	A
øádcích	N
nebude	V
odkaz	N
na	R
¾ádný	P
zákon	N
a	J
paragraf	N
a	J
pøesto	D
pùjde	V
o	R
zále¾itost	N
nanejvý¹	D
aktuální	A
a	J
citlivou	A
-	Z
o	R
podnikatelskou	A
etiku	N
.	Z

Je	V
darem	N
kytka	N
,	Z
tu¾ka	N
,	Z
kalendáø	N
,	Z
kravata	N
,	Z
dárkové	A
balení	N
vína	N
èi	J
sada	N
sklenièek	N
?	Z

Vina	N
øeditele	N
drah	N
je	V
sporná	A

Státní	A
zastupitelství	N
posuzuje	V
,	Z
zda	J
ob¾alovat	V
E	N
.	Z
©ípa	N

Praha	N
(	Z
jap	N
)	Z
-	Z

Generální	A
øeditel	N
Èeských	A
drah	N
Emanuel	N
©íp	N
zatím	D
neobdr¾el	V
¾ádné	P
oznámení	N
o	R
tom	P
,	Z
¾e	J
by	V
byl	V
ob¾alován	V
v	R
souvislosti	N
se	R
svým	P
jednáním	N
pøed	R
loni	D
pøipravovanou	A
stávkou	N
¾eleznièáøù	N
.	Z

Nehodlá	V
se	P
tedy	D
vyjadøovat	V
k	R
informaci	N
,	Z
podle	R
ní¾	P
pra¾ský	A
úøad	N
vy¹etøování	N
dokonèil	V
v	R
této	P
vìci	N
¹etøení	N
a	J
pøedal	V
spis	N
mìstskému	A
státnímu	A
zastupitelství	N
s	R
návrhem	N
na	R
podání	N
ob¾aloby	N
.	Z

Krátce	D

Dru¾stvo	N
èeských	A
motoristù	N
obsadilo	V
pøi	R
Trialu	N
národù	N
v	R
Andoøe	N
deváté	C
místo	N
,	Z
co¾	P
je	V
nejlep¹í	A
výsledek	N
v	R
historii	N
tohoto	P
odvìtví	N
.	Z

Pìtice	N
finských	A
vzpìraèù	N
byla	V
svou	P
národní	A
federací	N
potrestána	V
za	R
doping	N
.	Z

Tøíletý	A
zákaz	N
startu	N
dostali	V
Oravainen	N
,	Z
Viitala	N
,	Z
Parantainen	N
,	Z
Vepsalainen	N
a	J
Laitinen	N
.	Z

V¹ichni	P
mìli	V
pozitivní	A
nález	N
bìhem	R
testù	N
provádìných	A
v	R
dubnu	N
a	J
èervnu	N
.	Z

Druhý	C
roèník	N
bìhu	N
politikù	N
©pilberkem	N

Brno	N
-	Z

Ji¾	D
nìkolik	C
ministrù	N
a	J
poslancù	N
parlamentu	N
projevilo	V
zájem	N
startovat	V
ve	R
druhém	C
roèníku	N
bìhu	N
©pilberkem	N
,	Z
který	P
se	P
uskuteèní	V
15	C
.	Z
øíjna	N
v	R
parku	N
tohoto	P
brnìnského	A
hradu	N
.	Z

Podle	R
zástupcù	N
poøádající	A
nadace	N
by	V
se	P
na	R
startu	N
mìl	V
objevit	V
mj	D
.	Z
ministr	N
Zieleniec	N
,	Z
zastupitelé	N
Prahy	N
a	J
Bratislavy	N
a	J
herci	N
brnìnských	A
divadel	N
.	Z

Pro	R
druhý	C
roèník	N
je	V
pøipraveno	V
pìt	C
kategorií	N
-	Z
politici	N
do	R
45	C
let	N
a	J
nad	R
45	C
let	N
,	Z
osobnosti	N
,	Z
mezi	R
které	P
se	P
øadí	V
i	J
novináøi	N
,	Z
a	J
dále	D
vysoko¹kol¹tí	A
a	J
støedo¹kol¹tí	A
studenti	N
.	Z

ODS	N
se	P
podle	R
Petrové	N
obávala	V
prolomení	N
restituèní	A
hranice	N

Praha	N
(	Z
mst	N
)	Z
-	Z

Pøijetí	N
zákona	N
o	R
restitucích	N
¾idovského	A
majetku	N
v	R
podobì	N
,	Z
jakou	P
navrhoval	V
Viktor	N
Dobal	N
(	Z
ODA	N
)	Z
,	Z
by	V
podle	R
mluvèí	N
ODS	N
J	N
.	Z
Petrové	N
znamenalo	V
faktické	A
prolomení	N
restituèní	A
hranice	N
dané	A
rokem	N
1948	C
.	Z

Mluvèí	N
tak	D
reagovala	V
na	R
otázku	N
LN	N
,	Z
proè	D
ODS	N
prosadila	V
do	R
zákona	N
pozmìòovací	A
návrh	N
,	Z
jeho¾	P
schválením	N
mají	V
na	R
od¹kodnìní	N
nárok	N
pouze	D
osoby	N
,	Z
které	P
pøi¹ly	V
o	R
majetek	N
z	R
dùvodù	N
rasových	A
,	Z
a	J
ne	T
z	R
národnostních	A
a	J
politických	A
.	Z

Pole	N
pro	R
léèebnu	N
Kromìøí¾	N
(	Z
do	N
)	Z
-	Z

Navrácení	N
50	C
hektarù	N
polí	N
¾ádá	V
Psychiatrická	A
léèebna	N
v	R
Kromìøí¾i	N
.	Z

Pøed	R
válkou	N
mìla	V
léèebna	N
svou	P
farmu	N
,	Z
pìstovala	V
krávy	N
,	Z
prasata	N
,	Z
hospodaøila	V
na	R
polích	N
,	Z
vedla	V
velké	A
zahradnictví	N
.	Z

V	R
padesátých	C
letech	N
komunisté	N
v¹e	P
zabavili	V
.	Z

Za	R
první	C
republiky	N
tohle	P
hospodáøství	N
krylo	V
náklady	N
na	R
provoz	N
léèebny	N
pøibli¾nì	D
z	R
20	C
procent	N
.	Z

Poji¹»ovna	N
pøispívala	V
30	C
procenty	N
,	Z
zemì	N
dal¹ími	A
30	C
procenty	N
,	Z
20	C
procent	N
si	P
platili	V
sami	P
pacienti	N
.	Z

Za	R
souèasného	A
stavu	N
,	Z
kdy	D
se	P
léèebna	N
potýká	V
s	R
obrovskými	A
finanèními	A
potí¾emi	N
,	Z
by	V
ráda	A
znovu	D
obnovila	V
svoji	P
farmu	N
.	Z

Pøiplácení	N
ano	T
,	Z
ale	J
co	P
dál	D

Komentáøe	N

Od	R
druhého	A
pololetí	N
by	V
si	P
mìli	V
v¹ichni	P
pacienti	N
nemocnic	N
s	R
výjimkou	N
dìtí	N
pøiplácet	V
první	C
dva	C
týdny	N
hospitalizace	N
55	C
korun	N
dennì	D
tak	D
øíkajíc	V
na	R
byt	N
a	J
stravu	N
.	Z

Je	V
tøeba	A
zdùraznit	V
:	Z
pøiplácet	V
a	J
nikoli	D
platit	V
.	Z

Navrhovaná	A
èástka	N
je	V
toti¾	D
jen	T
zlomkem	N
nákladù	N
,	Z
které	P
pobyt	N
v	R
nemocnicích	N
skuteènì	D
stojí	V
.	Z

Ty	P
se	P
pohybují	V
kolem	R
¹esti	C
set	N
korun	N
.	Z

Z	R
poji¹tìní	N
dostanou	V
nemocnice	N
pøibli¾nì	D
tøi	C
sta	N
.	Z

Ministerstvo	N
zdravotnictví	N
jim	P
proto	J
kromì	R
penìz	N
od	R
nemocných	N
slibuje	V
ji¾	D
od	R
prvního	C
dubna	N
zvý¹ené	A
platby	N
od	R
poji¹»oven	N
.	Z

Privatizace	N
nevyluèuje	V
bankroty	N

Spláèou	V
dikové	N
,	Z
kteøí	P
vlo¾ili	V
body	N
do	R
Masokombinátu	N
Kladno	N
,	Z
nad	R
výdìlkem	N
?	Z

Pøesto¾e	J
pøedstavitelé	N
ministerstva	N
privatizace	N
a	J
FNM	N
slibovali	V
,	Z
¾e	J
do	R
druhé	A
privatizaèní	A
vlny	N
zaøadí	V
pouze	D
kvalitní	A
a	J
perspektivní	A
podniky	N
,	Z
nyní	D
pøipou¹tìjí	V
,	Z
¾e	J
nìkteré	P
z	R
nich	P
mohou	V
v	R
relativnì	D
krátké	A
dobì	N
zbankrotovat	V
.	Z

"	Z
Od	R
doby	N
výbìru	N
a	J
zaøazení	N
podnikù	N
do	R
definitivní	A
nabídky	N
do	R
konce	N
vlny	N
uplynulo	V
více	D
ne¾	J
tøi	C
ètvrtì	N
roku	N
a	J
my	P
nemù¾eme	V
vylouèit	V
,	Z
¾e	J
za	R
toto	P
období	N
nedo¹lo	V
k	R
posunu	N
v	R
hospodaøení	N
podniku	N
,	Z
"	Z
uvedl	V
na	R
dotaz	N
LN	N
první	C
místopøedseda	N
FNM	N
Petr	N
Èermák	N
.	Z

Rozruch	N
kolem	R
L	N
.	Z
Pittnera	N

Bratislava	N
(	Z
mi¹	N
)	Z
-	Z

Znaèný	A
rozruch	N
ve	R
slovenské	A
pøedvolební	A
atmosféøe	N
vyvolalo	V
jmenování	N
nových	A
generálù	N
armády	N
a	J
policie	N
.	Z

Pøi	R
pøíle¾itosti	N
50	C
.	Z
výroèí	N
Slovenského	A
národního	A
povstání	N
pový¹il	V
prezident	N
Kováè	N
do	R
hodnosti	N
generálmajora	N
Ministerstva	N
vnitra	N
SR	N
i	J
souèasného	A
ministra	N
vnitra	N
Ladislava	N
Pittnera	N
.	Z

Jako	J
první	C
zareagovalo	V
HZDS	N
,	Z
které	P
Pittnerovo	A
jmenování	N
oznaèilo	V
za	R
skandální	A
a	J
zneva¾ující	A
památku	N
padlých	A
v	R
SNP	N
.	Z

Ve	R
svìtì	N
letos	D
ménì	D
p¹enice	N

Londýn	N
-	Z

Svìtová	A
rada	N
pro	R
p¹enici	N
odhaduje	V
leto¹ní	A
svìtový	A
obchod	N
p¹enicí	N
na	R
95.8	C
milionu	N
tun	N
proti	R
pøedchozímu	A
odhadu	N
94.7	C
milionu	N
tun	N
.	Z

V	R
sezonì	N
1993	C
/	Z
94	C
dosáhl	V
svìtový	A
obchod	N
p¹enicí	N
93.3	C
milionu	N
tun	N
,	Z
uvádí	V
agentura	N
Reuter	N
.	Z

Pùvodní	A
údaje	N
byly	V
revidovány	V
zejména	D
s	R
ohledem	N
na	R
vy¹¹í	A
dovoz	N
bývalého	A
Sovìtského	A
svazu	N
,	Z
který	P
by	V
mìl	V
dovézt	V
celkem	D
9.3	C
milionu	N
tun	N
p¹enice	N
proti	R
pùvodnímu	A
odhadu	N
8.5	C
milionu	N
tun	N
.	Z

Celá	A
øada	N
republik	N
SNS	N
bude	V
muset	V
letos	D
dovézt	V
dal¹í	A
mno¾ství	N
p¹enice	N
ze	R
tøetích	C
zemí	N
,	Z
zejména	D
pro	R
nedostateènou	A
domácí	A
úrodu	N
a	J
ni¾¹í	A
produkci	N
Kazachstánu	N
.	Z

V	R
Bosnì	N
a	J
Hercegovinì	N
stále	D
pokraèují	V
prudké	A
boje	N
ZRANÌNI	V
DVA	C
FRANCOUZ©TÍ	A
VOJÁCI	N

Sarajevo	N
-	Z

V	R
hlavním	A
mìstì	N
Bosny	N
a	J
Hercegoviny	N
byli	V
ve	R
støedu	N
zranìni	V
dva	C
dal¹í	A
francouz¹tí	A
pøíslu¹níci	N
ochranných	A
sil	N
OSN	N
(	Z
UNPROFOR	N
)	Z
.	Z

Na	R
více	D
místech	N
Bosny	N
a	J
Hercegoviny	N
vèera	D
pokraèovaly	V
boje	N
.	Z

Nejprud¹í	A
srá¾ky	N
se	P
podle	R
dostupných	A
zpráv	N
nyní	D
odehrávají	V
v	R
centrální	A
èásti	N
republiky	N
kolem	R
Maglaje	N
a	J
v	R
oblasti	N
Bihaèe	N
v	R
západní	A
Bosnì	N
.	Z

Srbské	A
zdroje	N
nehlásí	V
ze	R
Sarajeva	N
rozsáhlej¹í	A
ozbrojené	A
støety	N
.	Z

Bosenský	A
a	J
chorvatský	A
rozhlas	N
v¹ak	J
mezitím	D
informovaly	V
o	R
pokraèujícím	A
ostøelování	N
metropole	N
srbskými	A
dìly	N
.	Z

Referendum	N
jako	J
léèka	N

Petr	N
Dudek	N

Bosen¹tí	A
Srbové	N
uèinili	V
,	Z
co	P
pøedem	D
slibovali	V
.	Z

V	R
referendu	N
odmítli	V
navrhovanou	A
mapu	N
rozdìlující	A
území	N
Bosny	N
a	J
Hercegoviny	N
.	Z

Pøed	R
kontaktní	A
skupinou	N
,	Z
spojující	A
ètveøici	N
západních	A
velmocí	N
a	J
Rusko	N
,	Z
tím	P
pádem	N
stojí	V
dvì	C
mo¾nosti	N
.	Z

Jednak	J
mù¾e	V
mezinárodní	A
spoleèenství	N
vyjít	V
vstøíc	R
po¾adavkùm	N
Radovana	N
Karad¾ièe	N
a	J
jeho	P
nacionalistické	A
kliky	N
a	J
zaèít	V
navrhovanou	A
mapu	N
pøekreslovat	V
tak	D
,	Z
aby	J
více	D
vyhovovala	V
pomìrùm	N
nastoleným	A
vojenskou	A
silou	N
.	Z

Jinými	A
slovy	N
,	Z
odmìnit	V
bosenské	A
Srby	N
,	Z
kteøí	P
nyní	D
ovládají	V
sedmdesát	C
procent	N
území	N
,	Z
za	R
jejich	P
agresi	N
.	Z

Rusko	N
zve	V
zahranièní	A
investory	N

Premiérùv	A
návrh	N
láme	V
legislativu	N
i	J
tradièní	A
my¹lení	N
Rusù	N

Urèitá	A
stabilizace	N
hospodáøského	A
¾ivota	N
v	R
Rusku	N
v	R
poslední	A
dobì	N
,	Z
v	R
porovnání	N
s	R
velice	D
neutì¹enou	A
situací	N
pøed	R
nìkolika	C
málo	C
lety	N
,	Z
zvìt¹uje	V
pøita¾livost	N
této	P
postkomunistické	A
velmoci	N
pro	R
zahranièní	A
investory	N
.	Z

Mezinárodní	A
mìnový	A
fond	N
kladnì	D
hodnotí	V
pokles	N
inflace	N
,	Z
zreálnìní	N
úrokových	A
sazeb	N
,	Z
postupující	A
privatizaci	N
a	J
restriktivní	A
politiku	N
Èernomyrdinovy	A
vlády	N
,	Z
a	J
proto	J
letos	D
v	R
dubnu	N
uvolnil	V
Rusku	N
druhou	A
polovinu	N
slíbené	A
pùjèky	N
ve	R
vý¹i	N
tøí	C
miliard	N
dolarù	N
.	Z

Tím	P
se	P
otevøel	V
kanál	N
i	J
pro	R
dal¹í	A
zahranièní	A
pomoci	N
ruské	A
ekonomice	N
.	Z

Nová	A
zdravotní	A
poji¹»ovna	N
upøednostòuje	V
prevenci	N

Praha	N
(	Z
pech	N
)	Z
-	Z

Prevence	N
,	Z
léèba	N
urgentních	A
stavù	N
a	J
rekondièní	A
i	J
rehabilitaèní	A
péèe	N
jsou	V
základem	N
medicínského	A
programu	N
Èeské	A
národní	A
zdravotní	A
poji¹»ovny	N
(	Z
ÈNZP	N
)	Z
,	Z
která	P
v	R
záøí	N
oficiálnì	D
zahájila	V
svou	P
èinnost	N
.	Z

Její	P
øeditel	N
Jiøí	N
Bek	N
øekl	V
,	Z
¾e	J
poji¹»ovna	N
nabízí	V
svým	P
klientùm	N
princip	N
individuálního	A
úètu	N
.	Z

V¾dy	D
v	R
lednu	N
jim	P
za¹le	V
celkové	A
vyúètování	N
.	Z

Podle	R
Pavla	N
Zacha	N
z	R
ÈNZP	N
mají	V
prevenci	N
ve	R
svém	P
programu	N
v¹echny	P
poji¹»ovny	N
,	Z
ale	J
málokdo	P
v	R
posledních	A
letech	N
absolvoval	V
skuteènì	D
dùkladné	A
preventivní	A
vy¹etøení	N
.	Z

Pøitom	D
napøíklad	D
vìt¹inu	N
zhoubných	A
nádorù	N
lze	V
pøi	R
vèasném	A
podchycení	N
léèit	V
.	Z

Talichovci	N
v	R
Míèovnì	N

Recenze	N

HUDBA	N
:	Z
Jméno	N
Talich	N
má	V
v	R
èeské	A
hudební	A
kultuøe	N
výsadní	A
postavení	N
.	Z

Václav	N
Talich	N
má	V
v	R
na¹í	P
historii	N
podobnou	A
pozici	N
jako	J
Arturo	N
Toscanini	N
v	R
Itálii	N
,	Z
jeho	P
synovec	N
,	Z
violista	N
Jan	N
Talich	N
,	Z
zalo¾il	V
slavné	A
Talichovo	A
kvarteto	N
a	J
prasynovec	N
,	Z
houslista	N
Jan	N
Talich	N
,	Z
je	V
zakladatelem	N
ambiciózního	A
mladého	A
souboru	N
-	Z
Talichova	A
komorního	A
orchestru	N
.	Z

Dramaturgie	N
festivalu	N
Pocta	N
katedrále	N
pozvala	V
do	R
nádherného	A
prostøedí	N
renesanèní	A
Míèovny	N
na	R
Pra¾ském	A
hradì	N
Talichovce	N
s	R
repertoárem	N
krásným	A
a	J
efektním	A
.	Z

Úvod	N
patøil	V
Orchestrálnímu	A
kvartetu	N
G	N
dur	N
prominentního	A
skladatele	N
mannheimské	A
¹koly	N
Karla	N
Stamice	N
.	Z

Slunce	N
vyjde	V
na	R
Západì	N
?	Z

Profit	N
pøemý¹lí	V
o	R
dùsledcích	N
zmìn	N
v	R
evropské	A
ekonomice	N

Zdá	V
se	P
,	Z
¾e	J
hlasy	N
,	Z
nepøeceòující	A
vliv	N
stavu	N
západoevropských	A
ekonomik	N
na	R
ekonomiku	N
èeskou	A
,	Z
mají	V
racionální	A
jádro	N
-	Z
èleny	N
Evropské	A
unie	N
nejsme	V
a	J
patrnì	D
ani	J
dlouho	D
je¹tì	D
nebudeme	V
.	Z

A	J
míra	N
exportního	A
výkonu	N
,	Z
vztahující	A
objem	N
vývozu	N
na	R
jednoho	C
obyvatele	N
,	Z
je	V
¾alostná	A
:	Z

Èeská	A
ekonomika	N
vloni	D
vyvezla	V
zbo¾í	N
za	R
zhruba	D
tisíc	N
dolarù	N
,	Z
kdy¾	J
srovnatelné	A
Portugalsko	N
dvakrát	C
,	Z
Itálie	N
tøikrát	C
,	Z
Finsko	N
pìtkrát	C
,	Z
Rakousko	N
¹estkrát	C
a	J
zemì	N
Beneluxu	N
dokonce	D
asi	T
dvanáctkrát	C
více	D
.	Z

Jaroslav	N
©ulc	N

Raku¹ané	N
nezklamali	V

Recenze	N

HUDBA	N
:	Z
Nìkolik	C
ministrù	N
,	Z
øada	N
velvyslancù	N
a	J
kulturních	A
radù	N
,	Z
vzorek	N
prelátù	N
a	J
¹lechty	N
a	J
v	R
neposlední	A
øadì	N
i	J
paní	N
Havlová	N
byli	V
ozdobou	N
slavnostního	A
zakonèení	N
festivalu	N
Pocta	N
katedrále	N
.	Z

Úspì¹nou	A
teèku	N
skvìle	D
pøipraveného	A
festivalu	N
udìlal	V
svým	P
vystoupením	N
Niederösterreichisches	A
Tonkünstlerorchester	N
,	Z
jen¾	P
pùsobí	V
ve	R
Vídni	N
a	J
v	R
Dolním	A
Rakousku	N
,	Z
a	J
dirigent	N
Alfred	N
Eschwé	N
.	Z

Úvodní	A
èíslo	N
koncertu	N
,	Z
pøedehru	N
k	R
opeøe	N
Don	N
Giovanni	N
W	N
.	Z
A	N
.	Z
Mozarta	N
,	Z
zahráli	V
Raku¹ané	N
velmi	D
dobøe	D
,	Z
hra	N
mìla	V
patøièný	A
¹vih	N
,	Z
barevnost	N
a	J
plasticitu	N
.	Z

Kolínská	A
mlékárna	N
nadále	D
ztrátová	A

Místo	R
su¹árny	N
mléka	N
plánuje	V
podnik	N
zavedení	N
efektivnìj¹í	A
výroby	N
sýrù	N

Kolín	N
-	Z

A¾	D
130	C
tisíc	C
litrù	N
mléka	N
vykoupí	V
dennì	D
od	R
zemìdìlcù	N
akciová	A
spoleènost	N
Kolínská	A
mlékárna	N
.	Z

Podle	R
vèerej¹í	A
informace	N
výrobního	A
námìstka	N
Josefa	N
Knotka	N
jsou	V
urèeny	V
pro	R
domácí	A
trh	N
výrobky	N
z	R
50	C
tisíc	C
litrù	N
mléka	N
.	Z

Ze	R
zbytku	N
suroviny	N
mlékárna	N
vyrábí	V
su¹ené	A
mléko	N
,	Z
které	P
vyvá¾í	V
do	R
Asie	N
a	J
Ji¾ní	A
Ameriky	N
.	Z

V	R
loòském	A
roce	N
dosáhla	V
firma	N
celkového	A
obratu	N
630	C
milionù	N
korun	N
,	Z
hospodaøila	V
v¹ak	J
se	R
ztrátou	N
.	Z

Zpùsobil	V
ji	P
pokles	N
cen	N
su¹eného	A
mléka	N
na	R
svìtových	A
trzích	N
.	Z

TOP	N
vytøídil	V
nejvýkonnìj¹í	A
èeské	A
firmy	N

Praha	N
-	Z

®ebøíèek	N
nejvýkonnìj¹ích	A
èeských	A
firem	N
,	Z
který	P
by	V
mìl	V
být	V
jedním	C
ze	R
základních	A
zdrojù	N
informací	N
pøi	R
rozhodování	N
o	R
investování	N
èi	J
smìrech	N
depozitní	A
politiky	N
významných	A
penì¾ních	A
ústavù	N
,	Z
pøipravuje	V
Sdru¾ení	N
Czech	A
Top	A
100	C
.	Z

Vyplývá	V
to	P
z	R
rozhovoru	N
iniciátora	N
projektu	N
,	Z
generálního	A
øeditele	N
pra¾ské	A
poboèky	N
ING	A
Bank	N
Jana	N
Stru¾e	N
,	Z
pro	R
8	C
.	Z
èíslo	N
Èeskomoravského	A
Profitu	N
.	Z

Pøi	R
sbìru	N
a	J
zpracování	N
dat	N
sdru¾ení	N
vychází	V
z	R
auditovaných	A
,	Z
oficiálnì	D
publikovaných	A
èísel	N
v	R
databázích	N
Støediska	N
cenných	A
papírù	N
,	Z
pra¾ské	A
burzy	N
,	Z
Podniku	N
výpoèetní	A
techniky	N
,	Z
z	R
Obchodního	A
vìstníku	N
i	J
rozhovorù	N
pøímo	D
v	R
podnicích	N
.	Z

Tì¾ké	A
zlehèování	N

Bezkonkurenènì	D
nejlevnìj¹í	A
ceny	N
najdete	V
u	R
nás	P
,	Z
Kdy¾	J
kvalita	N
-	Z
tak	D
jedinì	D
od	R
nás	P
,	Z
Máme	V
nejvìt¹í	A
tradici	N
,	Z
Dobøe	D
a	J
lacinìji	D
nakoupíte	V
u	R
nás	P
.	Z

Takové	P
a	J
podobné	A
slogany	N
,	Z
upoutávky	N
,	Z
texty	N
inzerátù	N
mù¾ete	V
èíst	V
zatím	D
dennì	D
.	Z

Proto¾e	J
máme	V
vypìstovaný	A
urèitý	A
obranný	A
reflex	N
proti	R
superlativùm	N
a	J
sebechvále	N
,	Z
tak	D
jsme	V
proti	R
takovému	P
obsahu	N
èásteènì	D
imunní	A
.	Z

To	P
ov¹em	J
nemohou	V
být	V
dal¹í	A
podnikatelé	N
v	R
oboru	N
,	Z
nebo»	J
v	R
takových	P
pøípadech	N
dochází	V
k	R
poru¹ování	N
obchodního	A
zákoníku	N
.	Z

Pøímìøí	N
vstoupilo	V
v	R
platnost	N

Irská	A
republikánská	A
armáda	N
vyhlá¹ený	A
klid	N
zbraní	N
zatím	D
dodr¾uje	V

Belfast	N
/	Z
Londýn	N
-	Z

Pøímìøí	N
,	Z
které	P
vyhlásila	V
Irská	A
republikánská	A
armáda	N
(	Z
IRA	N
)	Z
,	Z
vstoupilo	V
v	R
Severním	A
Irsku	N
v	R
platnost	N
vèera	D
v	R
0.00	C
místního	A
èasu	N
.	Z

Stalo	V
se	P
tak	D
13	C
hodin	N
poté	D
,	Z
co	J
IRA	N
tento	P
svùj	P
krok	N
oznámila	V
.	Z

Podle	R
informací	N
policie	N
se	P
v	R
Belfastu	N
noc	N
na	R
vèerej¹ek	N
obe¹la	V
bez	R
vìt¹ích	A
incidentù	N
,	Z
kromì	R
výstøelù	N
,	Z
které	P
bylo	V
sly¹et	V
ve	R
východní	A
èásti	N
mìsta	N
.	Z

V	R
ulicích	N
stále	D
hlídkují	V
brit¹tí	A
vojáci	N
v	R
obrnìných	A
vozidlech	N
.	Z

Rasisté	N
útoèí	V
ve	R
skupinách	N

Praha	N
,	Z
Plzeò	N
(	Z
toh	N
,	Z
vet	N
)	Z
-	Z

Pod	R
vlivem	N
rasové	A
nesná¹enlivosti	N
páchají	V
v	R
ÈR	N
trestnou	A
èinnost	N
hlavnì	D
organizované	A
skupiny	N
.	Z

Nejèastìji	D
takto	D
útoèí	V
deseti	C
a¾	J
tøicetièlenné	A
party	N
pachatelù	N
.	Z

LN	N
to	P
øekla	V
poradkynì	N
námìstka	N
ministra	N
vnitra	N
pro	R
oblast	N
bezpeènosti	N
Jitka	N
Gjurièová	N
,	Z
autorka	N
zprávy	N
"	Z
Interetnické	A
konflikty	N
"	Z
.	Z

Právì	D
tento	P
ètvrtek	N
napadla	V
ètyøèlenná	A
skupina	N
mladíkù	N
s	R
obu¹ky	N
a	J
seènou	A
zbraní	N
podobnou	A
maèetì	N
na	R
Centrálním	A
autobusovém	A
nádra¾í	N
v	R
Plzni	N
dva	C
Romy	N
.	Z

Pøi	R
útoku	N
utr¾il	V
dvaadvacetiletý	A
Rom	N
seènou	A
ránu	N
do	R
krku	N
.	Z

Pøihlí¾ející	A
pøivolali	V
lékaøe	N
a	J
ihned	D
poté	D
policii	N
.	Z

Odchod	N
ze	R
SRN	N
-	Z
konec	N
i	J
poèátek	N

Helmut	N
Kohl	N
:	Z
Budoucnost	N
Evropy	N
jen	T
v	R
souèinnosti	N
s	R
Ruskem	N

Berlín	N
-	Z

Vèerej¹í	A
den	N
je	V
posledním	A
dnem	N
minulosti	N
a	J
na¹ím	P
úsilím	N
se	P
mù¾e	V
stát	V
prvním	C
dnem	N
spoleèné	A
budoucnosti	N
.	Z

Souèasnì	D
je	V
to	P
den	N
definitivního	A
usmíøení	N
,	Z
øekl	V
vèera	D
v	R
Berlínì	N
pøi	R
slavnostním	A
ukonèení	N
odchodu	N
ruských	A
vojsk	N
z	R
Nìmecka	N
ruský	A
prezident	N
Boris	N
Jelcin	N
.	Z

Vyzdvihl	V
podíl	N
sovìtských	A
vojsk	N
na	R
porá¾ce	N
tøetí	C
øí¹e	N
a	J
pak	D
dodal	V
:	Z
U¾	D
nikdy	D
nesmíme	V
pøipustit	V
nové	A
rozdìlení	N
Evropy	N
.	Z

Ru¹tí	A
vojáci	N
se	P
vracejí	V
domù	D
pøesvìdèeni	V
,	Z
¾e	J
Rusku	N
u¾	D
nikdy	D
nebude	V
z	R
nìmecké	A
pùdy	N
hrozit	V
nebezpeèí	N
.	Z

Policie	N
zadr¾ela	V
Kolumbijce	N
,	Z
který	P
pa¹oval	V
dva	C
kilogramy	N
kokainu	N

Praha	N
-	Z

Dva	C
kilogramy	N
kokainu	N
zadr¾eli	V
celníci	N
v	R
pátek	N
na	R
ruzyòském	A
leti¹ti	N
v	R
Praze	N
.	Z

Informoval	V
o	R
tom	P
vedoucí	N
protidrogového	A
oddìlení	N
Generálního	A
øeditelství	N
cel	N
Bohumír	N
Marek	N
.	Z

Droga	N
,	Z
která	P
má	V
na	R
èerném	A
trhu	N
hodnotu	N
asi	T
4.5	C
miliónu	N
korun	N
,	Z
byla	V
nalezena	V
v	R
zavazadle	N
kolumbijského	A
obèana	N
.	Z

Ten	P
na	R
pra¾ské	A
leti¹tì	N
pøicestoval	V
letadlem	N
pravidelné	A
linky	N
Bogota	N
-	Z
Frankfurt	N
-	Z
Praha	N
.	Z

Drogu	N
mìl	V
podle	R
Marka	N
ukrytou	A
ve	R
dvojitých	A
stìnách	N
skoøepinového	A
kufru	N
.	Z

Na	R
odhalení	N
s	R
celníky	N
spolupracovali	V
pracovníci	N
protidrogové	A
brigády	N
Policie	N
ÈR	N
.	Z

Co	P
dál	D
s	R
Èeským	A
pohárem	N
?	Z

Èeský	A
pohár	N
ve	R
volejbalu	N
letos	D
probíhal	V
jako	J
okrajová	A
zále¾itost	N
,	Z
které	P
se	P
nezúèastnila	V
ani	J
celá	A
na¹e	P
¹pièka	N
.	Z

V	R
nìkolika	C
pøípadech	N
se	P
kvùli	R
nedostatku	N
termínù	N
do	R
poháru	N
zapoèítaly	V
výsledky	N
ligových	A
zápasù	N
a	J
teprve	D
sobotní	A
finále	N
v	R
Ústí	N
nad	R
Labem	N
(	Z
o	R
jeho	P
prùbìhu	N
pí¹eme	V
na	R
jiném	A
místì	N
)	Z
mìlo	V
dùstojnou	A
úroveò	N
.	Z

Co	P
dál	D
s	R
Èeským	A
pohárem	N
?	Z

o	R
to	P
jsme	V
se	P
zajímali	V
v	R
sobotu	N
v	R
Ústí	N
.	Z

Za	R
záchranou	N
bez	R
prémií	N

Drnovice	N
mají	V
stadión	N
srovnatelný	A
jen	T
s	R
Letnou	N

Drnovice	N
-	Z

Jedinì	D
záchrana	N
-	Z
takové	P
heslo	N
platí	V
pro	R
celou	A
jarní	A
èást	N
ligy	N
v	R
Drnovicích	N
.	Z

®ádné	P
zvlá¹tní	A
prémie	N
pøitom	D
klub	N
nevypsal	V
.	Z

"	Z
Kdy¾	J
udìlám	V
chybu	N
,	Z
napravím	V
ji	P
a	J
jedu	V
dál	D
,	Z
nemyslíte	V
?	Z
"	Z
konstatoval	V
øeènicky	D
pøedseda	N
správní	A
rady	N
FC	N
Petra	N
Drnovice	N
a	J
generální	A
øeditel	N
Chemapolu	N
Václav	N
Junek	N
.	Z

Velké	A
pøedsezónní	A
ambice	N
oddílu	N
vyústily	V
zatím	D
jen	T
v	R
pøedposlední	A
místo	N
po	R
podzimní	A
èásti	N
ligy	N
.	Z

®ádné	P
velké	A
zemìtøesení	N
to	P
ov¹em	J
v	R
klubu	N
nepøineslo	V
.	Z

Major	N
je	V
proti	R
pevnému	A
jádru	N

Leiden	N
-	Z

Proti	R
ideji	N
dvourychlostní	A
Evropské	A
unie	N
se	P
vèera	D
vyslovil	V
britský	A
premiér	N
John	N
Major	N
.	Z

Reagoval	V
tak	D
na	R
výroky	N
nìmeckých	A
a	J
francouzských	A
politikù	N
o	R
potøebì	N
vzniku	N
pevného	A
jádra	N
EU	N
na	R
ose	N
Paøí¾	N
-	Z
Bonn	N
.	Z

Podle	R
Majora	N
je	V
v	R
poøádku	N
,	Z
kdy¾	J
se	P
nìkteré	P
státy	N
nebo	J
skupiny	N
státù	N
dohodnou	V
v	R
urèitých	A
oblastech	N
na	R
rychlej¹í	A
integraci	N
ne¾	J
jiné	A
.	Z

V¹echny	P
v¹ak	J
musejí	V
mít	V
právo	N
si	P
vybrat	V
.	Z

Rozhodnout	V
se	P
o	R
neúèasti	N
je	V
jedna	C
vìc	N
.	Z

Nìco	P
jiného	A
v¹ak	J
je	V
být	V
mo¾nosti	N
se	P
úèastnit	V
zbaven	V
.	Z

Ames	N
na¹eho	P
agenta	N
KGB	N
asi	T
nevydal	V

Praha	N
-	Z

Ministr	N
vnitra	N
Jan	N
Ruml	N
nechce	V
vzhledem	R
k	R
probíhajícímu	A
¹etøení	N
komentovat	V
tvrzení	N
,	Z
¾e	J
bývalý	A
funkcionáø	N
CIA	N
A	N
.	Z
Ames	N
,	Z
který	P
se	P
pøiznal	V
k	R
dlouholeté	A
spolupráci	N
s	R
KGB	N
,	Z
vydal	V
Sovìtùm	N
jednoho	C
èeskoslovenského	A
agenta	N
CIA	N
.	Z

Ames	N
se	P
nyní	D
nachází	V
ve	R
vìzení	N
.	Z

Vydání	N
na¹eho	P
agenta	N
prý	T
naznaèuje	V
dopis	N
KGB	N
pro	R
Amese	N
,	Z
který	P
zabavila	V
americká	A
FBI	N
.	Z

Podle	R
ministerstva	N
vnitra	N
Ames	N
nepøi¹el	V
s	R
èeskoslovenskými	A
polistopadovými	A
tajnými	A
slu¾bami	N
vùbec	D
do	R
styku	N
.	Z

Dny	N
americké	A
kultury	N
otevøe	V
etnologie	N

Slavnostním	A
zahájením	N
expozice	N
Kouzlo	N
døeva	N
dnes	D
v	R
libereckém	A
Severoèeském	A
muzeu	N
zaèínají	V
Dny	N
americké	A
kultury	N
.	Z

Zúèastní	V
se	P
ho	P
i	J
øeditel	N
Schenka	N
z	R
Muzea	N
umìní	N
Jihu	N
z	R
Mobile	N
v	R
Alabamì	N
,	Z
které	P
putovní	A
výstavu	N
pøipravilo	V
.	Z

Jedná	V
se	P
o	R
døevìné	A
nádoby	N
,	Z
figurky	N
,	Z
vázy	N
a	J
mísy	N
,	Z
pøi	R
jejich¾	P
tvorbì	N
se	P
nechali	V
ameriètí	A
tvùrci	N
inspirovat	V
hlavnì	D
tradièními	A
indiánskými	A
technikami	N
.	Z

Obdivuhodná	A
je	V
u¾	D
sama	P
struktura	N
døeva	N
.	Z

Umìlci	N
pracovali	V
s	R
ebenem	N
,	Z
sekvojí	N
a	J
jinými	A
tropickými	A
døevinami	N
,	Z
øekl	V
LN	N
øeditel	N
Severoèeského	A
muzea	N
v	R
Liberci	N
Alois	N
Èvanèara	N
.	Z

Evropa	N
nabízí	V
urèité	A
jistoty	N
,	Z
jejich	P
vìrohodnost	N
je	V
ale	J
malá	A

komentáøe	N

Evropa	N
nabízí	V
urèité	A
jistoty	N
,	Z
jejich	P
vìrohodnost	N
je	V
ale	J
malá	A

STOJÍME	V
NA	R
HISTORICKÉM	A
ROZHRANÍ	N

Pohled	N
na	R
výsledky	N
nedìlního	A
francouzského	A
referenda	N
nechtìnì	D
vyvolává	V
vzpomínky	N
na	R
léta	N
studené	A
války	N
.	Z

Stála	V
miliardy	N
dolarù	N
,	Z
nebyla	V
zalo¾ena	V
na	R
¾ádném	P
racionálním	A
základì	N
,	Z
ale	J
vze¹lo	V
z	R
ní	P
nìco	P
,	Z
co	P
dnes	D
postrádáme	V
.	Z

Sice	D
rozdìlená	A
,	Z
ale	J
klidná	A
Evropa	N
.	Z

Krach	N
komunistického	A
systému	N
,	Z
následný	A
demokratizaèní	A
proces	N
ve	R
východoevropských	A
zemích	N
i	J
slo¾itì	D
pokraèující	A
integrace	N
západní	A
èásti	N
kontinentu	N
nám	P
pøedstavují	V
Evropu	N
novou	A
.	Z

Pøepravci	N
nebezpeèných	A
látek	N
od	R
srpna	N
pod	R
zostøeným	A
dohledem	N

Praha	N
(	Z
mrk	N
)	Z
-	Z

Zvý¹it	V
bezpeènost	N
pøepravy	N
nebezpeèných	A
látek	N
je	V
cílem	N
provádìcí	A
vyhlá¹ky	N
ministerstva	N
dopravy	N
,	Z
která	P
nabyla	V
platnosti	N
1	C
.	Z
srpna	N
tohoto	P
roku	N
souèasnì	D
s	R
novým	A
zákonem	N
o	R
silnièní	A
pøepravì	N
.	Z

Jak	D
LN	N
informoval	V
Jaroslav	N
Opletal	N
ze	R
silnièního	A
odboru	N
ministerstva	N
dopravy	N
,	Z
touto	P
vyhlá¹kou	N
se	P
v	R
ÈR	N
zavádí	V
platnost	N
ustanovení	N
Evropské	A
dohody	N
o	R
mezinárodní	A
silnièní	A
pøepravì	N
nebezpeèných	A
vìcí	N
(	Z
ADR	N
)	Z
i	J
do	R
vnitrostátní	A
pøepravy	N
.	Z

ÈR	N
pøistoupila	V
k	R
této	P
dohodì	N
ji¾	D
v	R
roce	N
1987	C
,	Z
ov¹em	J
pouze	D
v	R
oblasti	N
pøepravy	N
mezinárodní	A
.	Z

Al¾ír¹tí	A
extremisté	N
vyhro¾ují	V
Maroku	N

Al¾ír	N
-	Z

Islám¹tí	A
fundamentalisté	N
z	R
Al¾írska	N
vèera	D
zveøejnili	V
výhrù¾ku	N
na	R
adresu	N
Maroka	N
,	Z
¾e	J
sáhnou	V
k	R
násilí	N
,	Z
budou	V
-	Z
li	T
Al¾íøané	N
v	R
Marockém	A
království	N
vystaveni	V
¹patnému	A
zacházení	N
.	Z

Výhrù¾ku	N
vydala	V
Islámská	A
fronta	N
spásy	N
(	Z
FIS	N
)	Z
,	Z
její¾	P
zákaz	N
po	R
volbách	N
v	R
roce	N
1992	C
vyvolal	V
v	R
Al¾írsku	N
katastrofální	A
vlnu	N
násilí	N
a	J
teroru	N
.	Z

Maroko	N
vèera	D
ponìkud	D
zmírnilo	V
svou	P
vízovou	A
politiku	N
vùèi	R
Al¾íøanùm	N
,	Z
kdy¾	J
v	R
nìkolika	C
marockých	A
mìstech	N
zaznìly	V
hrozby	N
pumových	A
atentátù	N
.	Z

Sud	N
piva	N
za	R
Everest	N

Teplice	N
nad	R
Metují	N
(	Z
tom	N
)	Z
-	Z

Hlavní	A
cenu	N
na	R
11	C
.	Z
roèníku	N
mezinárodního	A
Festivalu	N
horolezeckých	A
filmù	N
získal	V
podle	R
oèekávání	N
australský	A
snímek	N
Everest	N
-	Z
Od	R
moøe	N
na	R
vrchol	N
.	Z

Putování	N
horolezce	N
Tima	N
Mac	N
Cartneyho	N
od	R
moøské	A
hladiny	N
a¾	T
na	R
nejvy¹¹í	A
vrchol	N
svìta	N
zaujalo	V
jak	D
nápadem	N
,	Z
tak	D
filmovým	A
zpracováním	N
.	Z

Tento	P
snímek	N
získal	V
kromì	R
stylizované	A
keramické	A
jablonì	N
i	J
cenu	N
divákù	N
-	Z
sud	N
piva	N
.	Z

Vzhledem	R
ke	R
vzdálenosti	N
pátého	C
kontinentu	N
byla	V
po	R
slavnostním	A
vyhlá¹ení	N
tato	P
cena	N
zkonzumována	V
náv¹tìvníky	N
.	Z

Po	R
tøíleté	A
pauze	N
se	P
obnovená	A
akce	N
v	R
klínu	N
Teplicko	A
-	Z
adr¹pa¹ských	A
skal	N
konala	V
v	R
lehce	D
pozmìnìné	A
podobì	N
.	Z

Meèiar	N
chce	V
prý	T
nového	A
øeditele	N
SIS	N

Bratislava	N
-	Z

Na	R
minulém	A
jednání	N
vlády	N
SR	N
mìl	V
být	V
schválen	V
návrh	N
na	R
odvolání	N
¹éfa	N
slovenské	A
tajné	A
slu¾by	N
SIS	N
Vladimíra	N
Mitra	N
,	Z
s	R
tím	P
,	Z
¾e	J
na	R
jeho	P
místo	N
navrhl	V
Meèiarùv	A
kabinet	N
jmenovat	V
Ivana	N
Lexu	N
.	Z

Vyplývá	V
to	P
z	R
dobøe	D
informovaných	A
zdrojù	N
LN	N
,	Z
které	P
si	P
nepøály	V
být	V
jmenovány	V
.	Z

Kanceláø	N
prezidenta	N
oficiálnì	D
návrh	N
na	R
Lexovo	A
jmenování	N
zatím	D
neobdr¾ela	V
,	Z
ale	J
i	J
zde	D
o	R
této	P
personální	A
výmìnì	N
ji¾	D
vìdìli	V
.	Z

Zlatým	A
profesionálem	N
Leblanc	N

Èeský	A
cyklista	N
Lom	N
mistrovský	A
závod	N
nedojel	V

Agrigento	N
-	Z

Pro	R
nejcennìj¹í	A
medaili	N
si	P
na	R
MS	N
v	R
Agrigentu	N
na	R
Sicílii	N
dojel	V
v	R
silnièním	A
cyklistickém	A
závodì	N
profesionálù	N
osmadvacetiletý	A
Francouz	N
Luc	N
Leblanc	N
,	Z
který	P
v	R
závìreèném	A
stoupání	N
ukázal	V
domácím	A
závodníkùm	N
záda	N
.	Z

Na	R
støíbrný	A
stupeò	N
vystoupil	V
Ital	N
Claudio	N
Chiappucci	N
a	J
bronz	N
putuje	V
zásluhou	N
Richarda	N
Virenqueho	N
rovnì¾	D
do	R
Francie	N
.	Z

Jediný	A
èeský	A
zástupce	N
Lubo¹	N
Lom	N
vzdal	V
ve	R
13	C
.	Z
kole	N
z	R
19	C
(	Z
251.75	C
km	N
)	Z
.	Z

Dvì	C
stì	N
tisíc	N
pøíznivcù	N
si	P
nepøipou¹tìlo	V
jinou	A
mo¾nost	N
ne¾	J
vítìzství	N
Chippucciho	N
,	Z
Pantaniho	N
,	Z
Furlana	N
èi	J
nìkoho	P
dal¹ího	A
z	R
dvanáctky	N
squadry	N
azzury	N
.	Z

Nezletilí	A
støíleli	V
po	R
lidech	N

Choceò	N
(	Z
jop	N
)	Z
-	Z

Jak	J
vèera	D
oznámila	V
ústeckoorlická	A
policie	N
,	Z
støíleli	V
o	R
posledních	A
dvou	C
prázdninových	A
dnech	N
dva	C
ètrnáctiletí	A
chlapci	N
ze	R
vzduchovky	N
namísto	R
do	R
terèù	N
po	R
lidech	N
.	Z

Støíleli	V
po	R
cyklistech	N
,	Z
z	R
nich¾	P
dva	C
zasáhli	V
.	Z

Ti	P
o¹etøení	N
nepotøebovali	V
.	Z

Hùøe	D
bylo	V
druhý	C
den	N
.	Z

To	P
si	P
jeden	C
ze	R
støelcù	N
poèínal	V
tak	D
obratnì	D
,	Z
¾e	J
zasáhl	V
cyklistku	N
-	Z
dùchodkyni	N
do	R
pøedloktí	N
a	J
zranìní	N
si	P
vy¾ádá	V
dvoutýdenní	A
léèení	N
,	Z
øekl	V
LN	N
tiskový	A
mluvèí	N
Karel	N
Hampl	N
.	Z

